{
    "dc_per_class_pp_all": {
        "1": 0.8867771388514261,
        "2": 0.5601350905736479,
        "3": 0.7441996429631195,
        "4": 0.7715974945066753
    },
    "dc_per_class_pp_per_class": {
        "1": 0.8814338033553135,
        "2": 0.48789796079587444,
        "3": 0.7384919108494024,
        "4": 0.769083483181204
    },
    "dc_per_class_raw": {
        "1": 0.9101600851551719,
        "2": 0.5653643343925302,
        "3": 0.7638584135079713,
        "4": 0.782689199287952
    },
    "for_which_classes": [],
    "min_valid_object_sizes": "None",
    "num_samples": 270,
    "validation_final": "validation_raw_postprocessed",
    "validation_raw": "validation_raw"
}