{
    "dc_per_class_pp_all": {
        "1": 0.8804825977571819,
        "2": 0.528344473670774,
        "3": 0.720672393159685,
        "4": 0.7469189110403025
    },
    "dc_per_class_pp_per_class": {
        "1": 0.8707374564337046,
        "2": 0.49097291755214056,
        "3": 0.7141596798816856,
        "4": 0.7447075038753797
    },
    "dc_per_class_raw": {
        "1": 0.901192470674795,
        "2": 0.5650868673093523,
        "3": 0.7525340122220255,
        "4": 0.7507885073016292
    },
    "for_which_classes": [],
    "min_valid_object_sizes": "None",
    "num_samples": 270,
    "validation_final": "validation_raw_postprocessed",
    "validation_raw": "validation_raw"
}