{
    "dc_per_class_pp_all": {
        "1": 0.8879163912974849,
        "2": 0.6632067041268255,
        "3": 0.7464595827496052,
        "4": 0.7675397215299424
    },
    "dc_per_class_pp_per_class": {
        "1": 0.8759868061776078,
        "2": 0.6140386008919879,
        "3": 0.7460305364508835,
        "4": 0.7807149430455003
    },
    "dc_per_class_raw": {
        "1": 0.9084348245984788,
        "2": 0.6695231334579168,
        "3": 0.7707277140593293,
        "4": 0.7862569049841646
    },
    "for_which_classes": [],
    "min_valid_object_sizes": "None",
    "num_samples": 270,
    "validation_final": "validation_raw_postprocessed",
    "validation_raw": "validation_raw"
}