{
    "dc_per_class_pp_all": {
        "1": 0.885934810319084,
        "2": 0.6496434063041711,
        "3": 0.7634764268788289,
        "4": 0.7566331323316916
    },
    "dc_per_class_pp_per_class": {
        "1": 0.8740351528218469,
        "2": 0.6128793470641161,
        "3": 0.7608381217512015,
        "4": 0.7687297124831326
    },
    "dc_per_class_raw": {
        "1": 0.9061676062591695,
        "2": 0.6633362439147892,
        "3": 0.7851905835136331,
        "4": 0.7753414142918285
    },
    "for_which_classes": [],
    "min_valid_object_sizes": "None",
    "num_samples": 270,
    "validation_final": "validation_raw_postprocessed",
    "validation_raw": "validation_raw"
}