{
    "dc_per_class_pp_all": {
        "1": 0.8829006408012255,
        "2": 0.5190456989674407,
        "3": 0.7223689493745561,
        "4": 0.7612533102261471
    },
    "dc_per_class_pp_per_class": {
        "1": 0.8718766832741274,
        "2": 0.48424892088838434,
        "3": 0.7157302560832444,
        "4": 0.7542413601868957
    },
    "dc_per_class_raw": {
        "1": 0.9037965704662714,
        "2": 0.5562006470127862,
        "3": 0.7564712262543559,
        "4": 0.7642671884829515
    },
    "for_which_classes": [],
    "min_valid_object_sizes": "None",
    "num_samples": 270,
    "validation_final": "validation_raw_postprocessed",
    "validation_raw": "validation_raw"
}