{
    "dc_per_class_pp_all": {
        "1": 0.7643423035977749,
        "2": 0.5690334191839764,
        "3": 0.7081195197838435,
        "4": 0.6644409532087571
    },
    "dc_per_class_pp_per_class": {
        "1": 0.7629819778874225,
        "2": 0.5404134822528006,
        "3": 0.6914244963765201,
        "4": 0.6688863816667847
    },
    "dc_per_class_raw": {
        "1": 0.7710452516349215,
        "2": 0.5770326468522511,
        "3": 0.7264754481737822,
        "4": 0.6741688412237398
    },
    "for_which_classes": [],
    "min_valid_object_sizes": "None",
    "num_samples": 270,
    "validation_final": "validation_raw_postprocessed",
    "validation_raw": "validation_raw"
}