{
    "dc_per_class_pp_all": {
        "1": 0.8881262016713072,
        "2": 0.6166072718017183,
        "3": 0.7361405564182091,
        "4": 0.7880082439856687
    },
    "dc_per_class_pp_per_class": {
        "1": 0.8798918054831466,
        "2": 0.5513386052415189,
        "3": 0.7077888919706936,
        "4": 0.7775808095944895
    },
    "dc_per_class_raw": {
        "1": 0.9107340145975513,
        "2": 0.6252667048826787,
        "3": 0.7446912420346787,
        "4": 0.7855352698155783
    },
    "for_which_classes": [],
    "min_valid_object_sizes": "None",
    "num_samples": 270,
    "validation_final": "validation_raw_postprocessed",
    "validation_raw": "validation_raw"
}