{
    "dc_per_class_pp_all": {
        "1": 0.8841479560787205,
        "2": 0.5589151477940135,
        "3": 0.7508703609206997,
        "4": 0.7817228106236979
    },
    "dc_per_class_pp_per_class": {
        "1": 0.8778946064546945,
        "2": 0.48660857101853655,
        "3": 0.7456415475412608,
        "4": 0.7653331117151708
    },
    "dc_per_class_raw": {
        "1": 0.9054853532529441,
        "2": 0.5638856145790371,
        "3": 0.7706688620844817,
        "4": 0.776845168940072
    },
    "for_which_classes": [],
    "min_valid_object_sizes": "None",
    "num_samples": 270,
    "validation_final": "validation_raw_postprocessed",
    "validation_raw": "validation_raw"
}