{
    "dc_per_class_pp_all": {
        "1": 0.8890423605328333,
        "2": 0.603011581899119,
        "3": 0.7670654991705559,
        "4": 0.7602878862084679
    },
    "dc_per_class_pp_per_class": {
        "1": 0.8770990546996754,
        "2": 0.5580083614248144,
        "3": 0.7568040433497418,
        "4": 0.7658324253378003
    },
    "dc_per_class_raw": {
        "1": 0.906962570321614,
        "2": 0.6168782175999549,
        "3": 0.7925978801564354,
        "4": 0.7730277542282421
    },
    "for_which_classes": [],
    "min_valid_object_sizes": "None",
    "num_samples": 270,
    "validation_final": "validation_raw_postprocessed",
    "validation_raw": "validation_raw"
}